{
    "textures": [],
    "animations": [{
        "tracks": [],
        "fps": 29,
        "name": "default"
    }],
    "metadata": {
        "version": 4.4,
        "generator": "io_three",
        "type": "Object"
    },
    "images": [],
    "object": {
        "uuid": "E6CF8768-848F-460B-9765-3EE9A4F3724D",
        "matrix": [1,0,0,0,0,1,0,0,0,0,1,0,0,0,0,1],
        "children": [{
            "name": "Box",
            "uuid": "DDA9AE26-14F9-3E6A-9BDD-AF02F6D2F286",
            "matrix": [-2.1217,0,0,0,0,0,1.2245,0,0,3.0819,0,0,0,0,0,1],
            "visible": true,
            "type": "Mesh",
            "material": "B92F5ACA-E24A-3A69-B2DD-69B8C9C5682C",
            "castShadow": true,
            "receiveShadow": true,
            "geometry": "15641190-4052-3871-BF5E-F046F6B1B496"
        },{
            "name": "Box1",
            "uuid": "13AB8362-B9AF-310A-8509-00DC96972EBC",
            "matrix": [-1.0481,0,0,0,0,0,0.0943,0,0,1.8132,0,0,0.5368,0.6387,-0.6572,1],
            "visible": true,
            "type": "Mesh",
            "material": "B92F5ACA-E24A-3A69-B2DD-69B8C9C5682C",
            "castShadow": true,
            "receiveShadow": true,
            "geometry": "0813763B-3A95-3717-A405-7EEF112B324A"
        },{
            "name": "Box2",
            "uuid": "66A008AC-44C6-3B23-9275-5237B57058C0",
            "matrix": [-1.0481,0,0,0,0,0,0.0943,0,0,1.8132,0,0,-0.5385,0.6363,-0.6572,1],
            "visible": true,
            "type": "Mesh",
            "material": "B92F5ACA-E24A-3A69-B2DD-69B8C9C5682C",
            "castShadow": true,
            "receiveShadow": true,
            "geometry": "A3266DF7-EF8B-3835-B919-F2D9B9D10D07"
        },{
            "name": "Box3",
            "uuid": "BF7F5BAE-ECAB-32A6-B7E6-0F0B02A66F3D",
            "matrix": [-2.1163,0,0,0,0,0,0.093,0,0,1.2298,0,0,-0.0026,-0.9237,-0.6604,1],
            "visible": true,
            "type": "Mesh",
            "material": "B92F5ACA-E24A-3A69-B2DD-69B8C9C5682C",
            "castShadow": true,
            "receiveShadow": true,
            "geometry": "DAF26EED-E8A1-3597-94D1-E65246622C91"
        },{
            "name": "Box4",
            "uuid": "21E1EE28-720A-3F5F-A701-169B87D161B6",
            "matrix": [-0.0759,0,0,0,0,0,0.069,0,0,1,0,0,-0.2366,0.6256,-0.7223,1],
            "visible": true,
            "type": "Mesh",
            "material": "17982F2E-D558-306A-A174-CD94996C53BC",
            "castShadow": true,
            "receiveShadow": true,
            "geometry": "21064AED-2F9E-349A-8048-33069A9BEACE"
        },{
            "name": "Box5",
            "uuid": "B7F31A6C-E829-3060-8AE1-EBA084A2865B",
            "matrix": [-0.0759,0,0,0,0,0,0.069,0,0,1,0,0,0.2363,0.6256,-0.7223,1],
            "visible": true,
            "type": "Mesh",
            "material": "F8A6E442-9469-3E71-B6D4-29D91635B3BF",
            "castShadow": true,
            "receiveShadow": true,
            "geometry": "64183BD0-6EAE-3D88-8ABC-1117C3AD9D35"
        },{
            "name": "Box6",
            "uuid": "635989B7-6F0F-336A-8B27-DC1722994B13",
            "matrix": [-1.7e-05,0.076,0,0,0,0,0.069,0,1.3527,0.000297,0,0,0.013,-0.5047,-0.7223,1],
            "visible": true,
            "type": "Mesh",
            "material": "1A5AD6DF-8EFC-32EB-AFE7-AA13B2E36640",
            "castShadow": true,
            "receiveShadow": true,
            "geometry": "5F05442A-9704-3BFB-BE1B-EE12E2150EE3"
        },{
            "name": "Box7",
            "uuid": "438FF972-AF36-3959-A474-DA6FFA57510C",
            "matrix": [-0.4148,0,0,0,0,0,0.1718,0,0,0.0169,0,0,0.6491,0.3913,-0.6566,1],
            "visible": true,
            "type": "Mesh",
            "material": "DE71B3A5-7D79-3EFE-8FDB-2A89396BE1EF",
            "castShadow": true,
            "receiveShadow": true,
            "geometry": "778708C3-2A4C-30ED-AC23-F99783DFA888"
        },{
            "name": "Box8",
            "uuid": "43CFC224-7989-3DCA-9CAA-AACBEFA6DBBB",
            "matrix": [-0.322,0,0,0,0,0,0.0185,0,0,0.3282,0,0,0.6427,0.9991,-0.7001,1],
            "visible": true,
            "type": "Mesh",
            "material": "8519E7A8-4299-3C4B-917B-914AEF8F41E7",
            "castShadow": true,
            "receiveShadow": true,
            "geometry": "D9FDB576-F098-320B-9FFB-E5989779BD81"
        },{
            "name": "Box9",
            "uuid": "82475668-0D68-35E4-A7AD-6FC2EA1CDC6D",
            "matrix": [-0.322,0,0,0,0,0,0.0185,0,0,0.4145,0,0,0.6427,0.6026,-0.7001,1],
            "visible": true,
            "type": "Mesh",
            "material": "8519E7A8-4299-3C4B-917B-914AEF8F41E7",
            "castShadow": true,
            "receiveShadow": true,
            "geometry": "98CE0ABF-982E-3010-BF1D-01919C9CB4EF"
        },{
            "name": "Cone",
            "uuid": "02BF8491-5563-3FC5-A223-35058E8B5663",
            "matrix": [-0.2645,0,0,0,0,0,0.5756,0,0,0.3417,0,0,0.6474,0.8217,-0.5523,1],
            "visible": true,
            "type": "Mesh",
            "material": "2E6828C1-DA33-3060-BD4C-A4E182E73674",
            "castShadow": true,
            "receiveShadow": true,
            "geometry": "6F819075-5DAE-3263-8E03-B58B1580326C"
        }],
        "type": "Scene"
    },
    "geometries": [{
        "uuid": "D9FDB576-F098-320B-9FFB-E5989779BD81",
        "materials": [{
            "depthWrite": true,
            "colorAmbient": [0.258824,0.258824,0.258824],
            "DbgName": "424242",
            "blending": "NormalBlending",
            "depthTest": true,
            "opacity": 1,
            "colorDiffuse": [0.258824,0.258824,0.258824],
            "colorSpecular": [0.009961,0.009961,0.009961],
            "specularCoef": 50,
            "shading": "phong",
            "DbgColor": 15658734,
            "wireframe": false,
            "transparent": false,
            "colorEmissive": [0,0,0],
            "DbgIndex": 0,
            "visible": true
        }],
        "data": {
            "metadata": {
                "bones": 0,
                "normals": 8,
                "faces": 6,
                "uvs": 1,
                "version": 3,
                "generator": "io_three",
                "vertices": 8,
                "morphTargets": 0,
                "materials": 1
            },
            "morphTargets": [],
            "faces": [43,0,2,3,1,0,0,1,2,3,0,1,2,3,43,4,6,7,5,0,0,1,2,3,4,5,6,7,43,0,1,4,5,0,2,3,0,1,0,3,4,7,43,7,6,3,2,0,0,1,2,3,6,5,2,1,43,2,0,5,7,0,2,3,0,1,1,0,7,6,43,1,3,6,4,0,0,1,2,3,3,2,5,4],
            "bones": [],
            "skinWeights": [],
            "name": "Box8Geometry",
            "skinIndices": [],
            "uvs": [[0,1,0,0,1,0,1,1]],
            "animations": [],
            "influencesPerVertex": 2,
            "normals": [0.577349,-0.577349,0.577349,0.577349,-0.577349,-0.577349,0.577349,0.577349,-0.577349,0.577349,0.577349,0.577349,-0.577349,0.577349,0.577349,-0.577349,0.577349,-0.577349,-0.577349,-0.577349,-0.577349,-0.577349,-0.577349,0.577349],
            "vertices": [0.5,-0.5,0.5,0.5,0.5,0.5,0.5,-0.5,-0.5,0.5,0.5,-0.5,-0.5,0.5,0.5,-0.5,-0.5,0.5,-0.5,0.5,-0.5,-0.5,-0.5,-0.5]
        },
        "type": "Geometry"
    },{
        "uuid": "5F05442A-9704-3BFB-BE1B-EE12E2150EE3",
        "materials": [{
            "depthWrite": true,
            "colorAmbient": [0.368627,0.368627,0.368627],
            "DbgName": "5e5e5e",
            "blending": "NormalBlending",
            "depthTest": true,
            "opacity": 1,
            "colorDiffuse": [0.368627,0.368627,0.368627],
            "colorSpecular": [0.009961,0.009961,0.009961],
            "specularCoef": 50,
            "shading": "phong",
            "DbgColor": 15658734,
            "wireframe": false,
            "transparent": false,
            "colorEmissive": [0,0,0],
            "DbgIndex": 0,
            "visible": true
        }],
        "data": {
            "metadata": {
                "bones": 0,
                "normals": 8,
                "faces": 6,
                "uvs": 1,
                "version": 3,
                "generator": "io_three",
                "vertices": 8,
                "morphTargets": 0,
                "materials": 1
            },
            "morphTargets": [],
            "faces": [43,0,2,3,1,0,0,1,2,3,0,1,2,3,43,4,6,7,5,0,0,1,2,3,4,5,6,7,43,0,1,4,5,0,2,3,0,1,0,3,4,7,43,7,6,3,2,0,0,1,2,3,6,5,2,1,43,2,0,5,7,0,2,3,0,1,1,0,7,6,43,1,3,6,4,0,0,1,2,3,3,2,5,4],
            "bones": [],
            "skinWeights": [],
            "name": "Box6Geometry",
            "skinIndices": [],
            "uvs": [[0,1,0,0,1,0,1,1]],
            "animations": [],
            "influencesPerVertex": 2,
            "normals": [0.577349,-0.577349,0.577349,0.577349,-0.577349,-0.577349,0.577349,0.577349,-0.577349,0.577349,0.577349,0.577349,-0.577349,0.577349,0.577349,-0.577349,0.577349,-0.577349,-0.577349,-0.577349,-0.577349,-0.577349,-0.577349,0.577349],
            "vertices": [0.5,-0.5,0.5,0.5,0.5,0.5,0.5,-0.5,-0.5,0.5,0.5,-0.5,-0.5,0.5,0.5,-0.5,-0.5,0.5,-0.5,0.5,-0.5,-0.5,-0.5,-0.5]
        },
        "type": "Geometry"
    },{
        "uuid": "DAF26EED-E8A1-3597-94D1-E65246622C91",
        "materials": [{
            "depthWrite": true,
            "colorAmbient": [0.690196,0.690196,0.690196],
            "DbgName": "b0b0b0",
            "blending": "NormalBlending",
            "depthTest": true,
            "opacity": 1,
            "colorDiffuse": [0.690196,0.690196,0.690196],
            "colorSpecular": [0.009961,0.009961,0.009961],
            "specularCoef": 50,
            "shading": "phong",
            "DbgColor": 15658734,
            "wireframe": false,
            "transparent": false,
            "colorEmissive": [0,0,0],
            "DbgIndex": 0,
            "visible": true
        }],
        "data": {
            "metadata": {
                "bones": 0,
                "normals": 8,
                "faces": 6,
                "uvs": 1,
                "version": 3,
                "generator": "io_three",
                "vertices": 8,
                "morphTargets": 0,
                "materials": 1
            },
            "morphTargets": [],
            "faces": [43,0,2,3,1,0,0,1,2,3,0,1,2,3,43,4,6,7,5,0,0,1,2,3,4,5,6,7,43,0,1,4,5,0,2,3,0,1,0,3,4,7,43,7,6,3,2,0,0,1,2,3,6,5,2,1,43,2,0,5,7,0,2,3,0,1,1,0,7,6,43,1,3,6,4,0,0,1,2,3,3,2,5,4],
            "bones": [],
            "skinWeights": [],
            "name": "Box3Geometry",
            "skinIndices": [],
            "uvs": [[0,1,0,0,1,0,1,1]],
            "animations": [],
            "influencesPerVertex": 2,
            "normals": [0.577349,-0.577349,0.577349,0.577349,-0.577349,-0.577349,0.577349,0.577349,-0.577349,0.577349,0.577349,0.577349,-0.577349,0.577349,0.577349,-0.577349,0.577349,-0.577349,-0.577349,-0.577349,-0.577349,-0.577349,-0.577349,0.577349],
            "vertices": [0.5,-0.5,0.5,0.5,0.5,0.5,0.5,-0.5,-0.5,0.5,0.5,-0.5,-0.5,0.5,0.5,-0.5,-0.5,0.5,-0.5,0.5,-0.5,-0.5,-0.5,-0.5]
        },
        "type": "Geometry"
    },{
        "uuid": "15641190-4052-3871-BF5E-F046F6B1B496",
        "materials": [{
            "depthWrite": true,
            "colorAmbient": [0.690196,0.690196,0.690196],
            "DbgName": "b0b0b0",
            "blending": "NormalBlending",
            "depthTest": true,
            "opacity": 1,
            "colorDiffuse": [0.690196,0.690196,0.690196],
            "colorSpecular": [0.009961,0.009961,0.009961],
            "specularCoef": 50,
            "shading": "phong",
            "DbgColor": 15658734,
            "wireframe": false,
            "transparent": false,
            "colorEmissive": [0,0,0],
            "DbgIndex": 0,
            "visible": true
        }],
        "data": {
            "metadata": {
                "bones": 0,
                "normals": 8,
                "faces": 6,
                "uvs": 1,
                "version": 3,
                "generator": "io_three",
                "vertices": 8,
                "morphTargets": 0,
                "materials": 1
            },
            "morphTargets": [],
            "faces": [43,0,2,3,1,0,0,1,2,3,0,1,2,3,43,4,6,7,5,0,0,1,2,3,4,5,6,7,43,0,1,4,5,0,2,3,0,1,0,3,4,7,43,7,6,3,2,0,0,1,2,3,6,5,2,1,43,2,0,5,7,0,2,3,0,1,1,0,7,6,43,1,3,6,4,0,0,1,2,3,3,2,5,4],
            "bones": [],
            "skinWeights": [],
            "name": "BoxGeometry",
            "skinIndices": [],
            "uvs": [[0,1,0,0,1,0,1,1]],
            "animations": [],
            "influencesPerVertex": 2,
            "normals": [0.577349,-0.577349,0.577349,0.577349,-0.577349,-0.577349,0.577349,0.577349,-0.577349,0.577349,0.577349,0.577349,-0.577349,0.577349,0.577349,-0.577349,0.577349,-0.577349,-0.577349,-0.577349,-0.577349,-0.577349,-0.577349,0.577349],
            "vertices": [0.5,-0.5,0.5,0.5,0.5,0.5,0.5,-0.5,-0.5,0.5,0.5,-0.5,-0.5,0.5,0.5,-0.5,-0.5,0.5,-0.5,0.5,-0.5,-0.5,-0.5,-0.5]
        },
        "type": "Geometry"
    },{
        "uuid": "0813763B-3A95-3717-A405-7EEF112B324A",
        "materials": [{
            "depthWrite": true,
            "colorAmbient": [0.690196,0.690196,0.690196],
            "DbgName": "b0b0b0",
            "blending": "NormalBlending",
            "depthTest": true,
            "opacity": 1,
            "colorDiffuse": [0.690196,0.690196,0.690196],
            "colorSpecular": [0.009961,0.009961,0.009961],
            "specularCoef": 50,
            "shading": "phong",
            "DbgColor": 15658734,
            "wireframe": false,
            "transparent": false,
            "colorEmissive": [0,0,0],
            "DbgIndex": 0,
            "visible": true
        }],
        "data": {
            "metadata": {
                "bones": 0,
                "normals": 8,
                "faces": 6,
                "uvs": 1,
                "version": 3,
                "generator": "io_three",
                "vertices": 8,
                "morphTargets": 0,
                "materials": 1
            },
            "morphTargets": [],
            "faces": [43,0,2,3,1,0,0,1,2,3,0,1,2,3,43,4,6,7,5,0,0,1,2,3,4,5,6,7,43,0,1,4,5,0,2,3,0,1,0,3,4,7,43,7,6,3,2,0,0,1,2,3,6,5,2,1,43,2,0,5,7,0,2,3,0,1,1,0,7,6,43,1,3,6,4,0,0,1,2,3,3,2,5,4],
            "bones": [],
            "skinWeights": [],
            "name": "Box1Geometry",
            "skinIndices": [],
            "uvs": [[0,1,0,0,1,0,1,1]],
            "animations": [],
            "influencesPerVertex": 2,
            "normals": [0.577349,-0.577349,0.577349,0.577349,-0.577349,-0.577349,0.577349,0.577349,-0.577349,0.577349,0.577349,0.577349,-0.577349,0.577349,0.577349,-0.577349,0.577349,-0.577349,-0.577349,-0.577349,-0.577349,-0.577349,-0.577349,0.577349],
            "vertices": [0.5,-0.5,0.5,0.5,0.5,0.5,0.5,-0.5,-0.5,0.5,0.5,-0.5,-0.5,0.5,0.5,-0.5,-0.5,0.5,-0.5,0.5,-0.5,-0.5,-0.5,-0.5]
        },
        "type": "Geometry"
    },{
        "uuid": "64183BD0-6EAE-3D88-8ABC-1117C3AD9D35",
        "materials": [{
            "depthWrite": true,
            "colorAmbient": [0.34,0.34,0.34],
            "DbgName": "565656",
            "blending": "NormalBlending",
            "depthTest": true,
            "opacity": 1,
            "colorDiffuse": [0.34,0.34,0.34],
            "colorSpecular": [0.009961,0.009961,0.009961],
            "specularCoef": 50,
            "shading": "phong",
            "DbgColor": 15658734,
            "wireframe": false,
            "transparent": false,
            "colorEmissive": [0,0,0],
            "DbgIndex": 0,
            "visible": true
        }],
        "data": {
            "metadata": {
                "bones": 0,
                "normals": 8,
                "faces": 6,
                "uvs": 1,
                "version": 3,
                "generator": "io_three",
                "vertices": 8,
                "morphTargets": 0,
                "materials": 1
            },
            "morphTargets": [],
            "faces": [43,0,2,3,1,0,0,1,2,3,0,1,2,3,43,4,6,7,5,0,0,1,2,3,4,5,6,7,43,0,1,4,5,0,2,3,0,1,0,3,4,7,43,7,6,3,2,0,0,1,2,3,6,5,2,1,43,2,0,5,7,0,2,3,0,1,1,0,7,6,43,1,3,6,4,0,0,1,2,3,3,2,5,4],
            "bones": [],
            "skinWeights": [],
            "name": "Box5Geometry",
            "skinIndices": [],
            "uvs": [[0,1,0,0,1,0,1,1]],
            "animations": [],
            "influencesPerVertex": 2,
            "normals": [0.577349,-0.577349,0.577349,0.577349,-0.577349,-0.577349,0.577349,0.577349,-0.577349,0.577349,0.577349,0.577349,-0.577349,0.577349,0.577349,-0.577349,0.577349,-0.577349,-0.577349,-0.577349,-0.577349,-0.577349,-0.577349,0.577349],
            "vertices": [0.5,-0.5,0.5,0.5,0.5,0.5,0.5,-0.5,-0.5,0.5,0.5,-0.5,-0.5,0.5,0.5,-0.5,-0.5,0.5,-0.5,0.5,-0.5,-0.5,-0.5,-0.5]
        },
        "type": "Geometry"
    },{
        "uuid": "98CE0ABF-982E-3010-BF1D-01919C9CB4EF",
        "materials": [{
            "depthWrite": true,
            "colorAmbient": [0.258824,0.258824,0.258824],
            "DbgName": "424242",
            "blending": "NormalBlending",
            "depthTest": true,
            "opacity": 1,
            "colorDiffuse": [0.258824,0.258824,0.258824],
            "colorSpecular": [0.009961,0.009961,0.009961],
            "specularCoef": 50,
            "shading": "phong",
            "DbgColor": 15658734,
            "wireframe": false,
            "transparent": false,
            "colorEmissive": [0,0,0],
            "DbgIndex": 0,
            "visible": true
        }],
        "data": {
            "metadata": {
                "bones": 0,
                "normals": 8,
                "faces": 6,
                "uvs": 1,
                "version": 3,
                "generator": "io_three",
                "vertices": 8,
                "morphTargets": 0,
                "materials": 1
            },
            "morphTargets": [],
            "faces": [43,0,2,3,1,0,0,1,2,3,0,1,2,3,43,4,6,7,5,0,0,1,2,3,4,5,6,7,43,0,1,4,5,0,2,3,0,1,0,3,4,7,43,7,6,3,2,0,0,1,2,3,6,5,2,1,43,2,0,5,7,0,2,3,0,1,1,0,7,6,43,1,3,6,4,0,0,1,2,3,3,2,5,4],
            "bones": [],
            "skinWeights": [],
            "name": "Box9Geometry",
            "skinIndices": [],
            "uvs": [[0,1,0,0,1,0,1,1]],
            "animations": [],
            "influencesPerVertex": 2,
            "normals": [0.577349,-0.577349,0.577349,0.577349,-0.577349,-0.577349,0.577349,0.577349,-0.577349,0.577349,0.577349,0.577349,-0.577349,0.577349,0.577349,-0.577349,0.577349,-0.577349,-0.577349,-0.577349,-0.577349,-0.577349,-0.577349,0.577349],
            "vertices": [0.5,-0.5,0.5,0.5,0.5,0.5,0.5,-0.5,-0.5,0.5,0.5,-0.5,-0.5,0.5,0.5,-0.5,-0.5,0.5,-0.5,0.5,-0.5,-0.5,-0.5,-0.5]
        },
        "type": "Geometry"
    },{
        "uuid": "778708C3-2A4C-30ED-AC23-F99783DFA888",
        "materials": [{
            "depthWrite": true,
            "colorAmbient": [0.278431,0.278431,0.278431],
            "DbgName": "474747",
            "blending": "NormalBlending",
            "depthTest": true,
            "opacity": 1,
            "colorDiffuse": [0.278431,0.278431,0.278431],
            "colorSpecular": [0.009961,0.009961,0.009961],
            "specularCoef": 50,
            "shading": "phong",
            "DbgColor": 15658734,
            "wireframe": false,
            "transparent": false,
            "colorEmissive": [0,0,0],
            "DbgIndex": 0,
            "visible": true
        }],
        "data": {
            "metadata": {
                "bones": 0,
                "normals": 8,
                "faces": 6,
                "uvs": 1,
                "version": 3,
                "generator": "io_three",
                "vertices": 8,
                "morphTargets": 0,
                "materials": 1
            },
            "morphTargets": [],
            "faces": [43,0,2,3,1,0,0,1,2,3,0,1,2,3,43,4,6,7,5,0,0,1,2,3,4,5,6,7,43,0,1,4,5,0,2,3,0,1,0,3,4,7,43,7,6,3,2,0,0,1,2,3,6,5,2,1,43,2,0,5,7,0,2,3,0,1,1,0,7,6,43,1,3,6,4,0,0,1,2,3,3,2,5,4],
            "bones": [],
            "skinWeights": [],
            "name": "Box7Geometry",
            "skinIndices": [],
            "uvs": [[0,1,0,0,1,0,1,1]],
            "animations": [],
            "influencesPerVertex": 2,
            "normals": [0.577349,-0.577349,0.577349,0.577349,-0.577349,-0.577349,0.577349,0.577349,-0.577349,0.577349,0.577349,0.577349,-0.577349,0.577349,0.577349,-0.577349,0.577349,-0.577349,-0.577349,-0.577349,-0.577349,-0.577349,-0.577349,0.577349],
            "vertices": [0.5,-0.5,0.5,0.5,0.5,0.5,0.5,-0.5,-0.5,0.5,0.5,-0.5,-0.5,0.5,0.5,-0.5,-0.5,0.5,-0.5,0.5,-0.5,-0.5,-0.5,-0.5]
        },
        "type": "Geometry"
    },{
        "uuid": "6F819075-5DAE-3263-8E03-B58B1580326C",
        "materials": [{
            "depthWrite": true,
            "colorAmbient": [0.239216,0.239216,0.239216],
            "DbgName": "3d3d3d",
            "blending": "NormalBlending",
            "depthTest": true,
            "opacity": 1,
            "colorDiffuse": [0.239216,0.239216,0.239216],
            "colorSpecular": [0.009961,0.009961,0.009961],
            "specularCoef": 50,
            "shading": "phong",
            "DbgColor": 15658734,
            "wireframe": false,
            "transparent": false,
            "colorEmissive": [0,0,0],
            "DbgIndex": 0,
            "visible": true
        }],
        "data": {
            "metadata": {
                "bones": 0,
                "normals": 14,
                "faces": 24,
                "uvs": 1,
                "version": 3,
                "generator": "io_three",
                "vertices": 14,
                "morphTargets": 0,
                "materials": 1
            },
            "morphTargets": [],
            "faces": [42,0,1,2,0,0,1,2,0,1,2,42,0,2,3,0,3,2,4,0,2,3,42,0,3,4,0,5,4,6,0,3,4,42,0,4,5,0,7,6,8,0,4,5,42,0,5,6,0,9,8,10,0,5,6,42,0,6,7,0,11,10,12,0,6,7,42,0,7,8,0,13,12,14,0,7,8,42,0,8,9,0,15,14,16,0,8,9,42,0,9,10,0,17,16,18,0,9,10,42,0,10,11,0,19,18,20,0,10,11,42,0,11,12,0,21,20,22,0,11,12,42,0,12,1,0,23,22,24,0,12,1,42,2,1,13,0,3,0,1,2,1,13,42,3,2,13,0,5,3,1,3,2,13,42,4,3,13,0,7,5,1,4,3,13,42,5,4,13,0,9,7,1,5,4,13,42,6,5,13,0,11,9,1,6,5,13,42,7,6,13,0,13,11,1,7,6,13,42,8,7,13,0,15,13,1,8,7,13,42,9,8,13,0,17,15,1,9,8,13,42,10,9,13,0,19,17,1,10,9,13,42,11,10,13,0,21,19,1,11,10,13,42,12,11,13,0,23,21,1,12,11,13,42,1,12,13,0,25,23,1,1,12,13],
            "bones": [],
            "skinWeights": [],
            "name": "ConeGeometry",
            "skinIndices": [],
            "uvs": [[0,1,0,0,0.083333,0,0.083333,1,0.166667,0,0.166667,1,0.25,0,0.25,1,0.333333,0,0.333333,1,0.416667,0,0.416667,1,0.5,0,0.5,1,0.583333,0,0.583333,1,0.666667,0,0.666667,1,0.75,0,0.75,1,0.833333,0,0.833333,1,0.916667,0,0.916667,1,1,0,1,1]],
            "animations": [],
            "influencesPerVertex": 2,
            "normals": [0,0,1,0,-0.881924,-0.471358,0.440962,-0.763756,-0.471358,0.763756,-0.440962,-0.471358,0.881924,0,-0.471358,0.763756,0.440962,-0.471358,0.440962,0.763756,-0.471358,0,0.881924,-0.471358,-0.440962,0.763756,-0.471358,-0.763756,0.440962,-0.471358,-0.881924,0,-0.471358,-0.763756,-0.440962,-0.471358,-0.440962,-0.763756,-0.471358,0,0,-1],
            "vertices": [0,0,0.5,0,-0.5,-0.5,0.25,-0.433,-0.5,0.433,-0.25,-0.5,0.5,0,-0.5,0.433,0.25,-0.5,0.25,0.433,-0.5,0,0.5,-0.5,-0.25,0.433,-0.5,-0.433,0.25,-0.5,-0.5,0,-0.5,-0.433,-0.25,-0.5,-0.25,-0.433,-0.5,0,0,-0.5]
        },
        "type": "Geometry"
    },{
        "uuid": "A3266DF7-EF8B-3835-B919-F2D9B9D10D07",
        "materials": [{
            "depthWrite": true,
            "colorAmbient": [0.690196,0.690196,0.690196],
            "DbgName": "b0b0b0",
            "blending": "NormalBlending",
            "depthTest": true,
            "opacity": 1,
            "colorDiffuse": [0.690196,0.690196,0.690196],
            "colorSpecular": [0.009961,0.009961,0.009961],
            "specularCoef": 50,
            "shading": "phong",
            "DbgColor": 15658734,
            "wireframe": false,
            "transparent": false,
            "colorEmissive": [0,0,0],
            "DbgIndex": 0,
            "visible": true
        }],
        "data": {
            "metadata": {
                "bones": 0,
                "normals": 8,
                "faces": 6,
                "uvs": 1,
                "version": 3,
                "generator": "io_three",
                "vertices": 8,
                "morphTargets": 0,
                "materials": 1
            },
            "morphTargets": [],
            "faces": [43,0,2,3,1,0,0,1,2,3,0,1,2,3,43,4,6,7,5,0,0,1,2,3,4,5,6,7,43,0,1,4,5,0,2,3,0,1,0,3,4,7,43,7,6,3,2,0,0,1,2,3,6,5,2,1,43,2,0,5,7,0,2,3,0,1,1,0,7,6,43,1,3,6,4,0,0,1,2,3,3,2,5,4],
            "bones": [],
            "skinWeights": [],
            "name": "Box2Geometry",
            "skinIndices": [],
            "uvs": [[0,1,0,0,1,0,1,1]],
            "animations": [],
            "influencesPerVertex": 2,
            "normals": [0.577349,-0.577349,0.577349,0.577349,-0.577349,-0.577349,0.577349,0.577349,-0.577349,0.577349,0.577349,0.577349,-0.577349,0.577349,0.577349,-0.577349,0.577349,-0.577349,-0.577349,-0.577349,-0.577349,-0.577349,-0.577349,0.577349],
            "vertices": [0.5,-0.5,0.5,0.5,0.5,0.5,0.5,-0.5,-0.5,0.5,0.5,-0.5,-0.5,0.5,0.5,-0.5,-0.5,0.5,-0.5,0.5,-0.5,-0.5,-0.5,-0.5]
        },
        "type": "Geometry"
    },{
        "uuid": "21064AED-2F9E-349A-8048-33069A9BEACE",
        "materials": [{
            "depthWrite": true,
            "colorAmbient": [0.388235,0.388235,0.388235],
            "DbgName": "636363",
            "blending": "NormalBlending",
            "depthTest": true,
            "opacity": 1,
            "colorDiffuse": [0.388235,0.388235,0.388235],
            "colorSpecular": [0.009961,0.009961,0.009961],
            "specularCoef": 50,
            "shading": "phong",
            "DbgColor": 15658734,
            "wireframe": false,
            "transparent": false,
            "colorEmissive": [0,0,0],
            "DbgIndex": 0,
            "visible": true
        }],
        "data": {
            "metadata": {
                "bones": 0,
                "normals": 8,
                "faces": 6,
                "uvs": 1,
                "version": 3,
                "generator": "io_three",
                "vertices": 8,
                "morphTargets": 0,
                "materials": 1
            },
            "morphTargets": [],
            "faces": [43,0,2,3,1,0,0,1,2,3,0,1,2,3,43,4,6,7,5,0,0,1,2,3,4,5,6,7,43,0,1,4,5,0,2,3,0,1,0,3,4,7,43,7,6,3,2,0,0,1,2,3,6,5,2,1,43,2,0,5,7,0,2,3,0,1,1,0,7,6,43,1,3,6,4,0,0,1,2,3,3,2,5,4],
            "bones": [],
            "skinWeights": [],
            "name": "Box4Geometry",
            "skinIndices": [],
            "uvs": [[0,1,0,0,1,0,1,1]],
            "animations": [],
            "influencesPerVertex": 2,
            "normals": [0.577349,-0.577349,0.577349,0.577349,-0.577349,-0.577349,0.577349,0.577349,-0.577349,0.577349,0.577349,0.577349,-0.577349,0.577349,0.577349,-0.577349,0.577349,-0.577349,-0.577349,-0.577349,-0.577349,-0.577349,-0.577349,0.577349],
            "vertices": [0.5,-0.5,0.5,0.5,0.5,0.5,0.5,-0.5,-0.5,0.5,0.5,-0.5,-0.5,0.5,0.5,-0.5,-0.5,0.5,-0.5,0.5,-0.5,-0.5,-0.5,-0.5]
        },
        "type": "Geometry"
    }],
    "materials": [{
        "depthWrite": true,
        "specular": 131586,
        "shininess": 50,
        "emissive": 0,
        "depthTest": true,
        "blending": "NormalBlending",
        "name": "3d3d3d",
        "type": "MeshPhongMaterial",
        "vertexColors": false,
        "ambient": 4013373,
        "uuid": "2E6828C1-DA33-3060-BD4C-A4E182E73674",
        "color": 4013373
    },{
        "depthWrite": true,
        "specular": 131586,
        "shininess": 50,
        "emissive": 0,
        "depthTest": true,
        "blending": "NormalBlending",
        "name": "424242",
        "type": "MeshPhongMaterial",
        "vertexColors": false,
        "ambient": 4342338,
        "uuid": "8519E7A8-4299-3C4B-917B-914AEF8F41E7",
        "color": 4342338
    },{
        "depthWrite": true,
        "specular": 131586,
        "shininess": 50,
        "emissive": 0,
        "depthTest": true,
        "blending": "NormalBlending",
        "name": "474747",
        "type": "MeshPhongMaterial",
        "vertexColors": false,
        "ambient": 4671303,
        "uuid": "DE71B3A5-7D79-3EFE-8FDB-2A89396BE1EF",
        "color": 4671303
    },{
        "depthWrite": true,
        "specular": 131586,
        "shininess": 50,
        "emissive": 0,
        "depthTest": true,
        "blending": "NormalBlending",
        "name": "565656",
        "type": "MeshPhongMaterial",
        "vertexColors": false,
        "ambient": 5658198,
        "uuid": "F8A6E442-9469-3E71-B6D4-29D91635B3BF",
        "color": 5658198
    },{
        "depthWrite": true,
        "specular": 131586,
        "shininess": 50,
        "emissive": 0,
        "depthTest": true,
        "blending": "NormalBlending",
        "name": "5e5e5e",
        "type": "MeshPhongMaterial",
        "vertexColors": false,
        "ambient": 6184542,
        "uuid": "1A5AD6DF-8EFC-32EB-AFE7-AA13B2E36640",
        "color": 6184542
    },{
        "depthWrite": true,
        "specular": 131586,
        "shininess": 50,
        "emissive": 0,
        "depthTest": true,
        "blending": "NormalBlending",
        "name": "636363",
        "type": "MeshPhongMaterial",
        "vertexColors": false,
        "ambient": 6513507,
        "uuid": "17982F2E-D558-306A-A174-CD94996C53BC",
        "color": 6513507
    },{
        "depthWrite": true,
        "specular": 131586,
        "shininess": 50,
        "emissive": 0,
        "depthTest": true,
        "blending": "NormalBlending",
        "name": "b0b0b0",
        "type": "MeshPhongMaterial",
        "vertexColors": false,
        "ambient": 11579568,
        "uuid": "B92F5ACA-E24A-3A69-B2DD-69B8C9C5682C",
        "color": 11579568
    }]
}